imsi|timeid|ibmaaf_bytestotal_by_cell_sitename|ibmaaf_bytestotal|ibmaaf_set_cesaggregation_video_by_cell|dt|sgm
272211221122333|20171016000000|{"metricId":"ibmaaf_bytestotal_by_cell_sitename","counters":[{"breakdown":"Belt Line Road","value":[2856143]},{"breakdown":"Las Colinas","value":[10390032]},{"breakdown":"Irving","value":[12252781]},{"breakdown":"Valley Ranch","value":[3698037]},{"breakdown":"Market Center","value":[24420174]},{"breakdown":"West Dallas","value":[6384488]},{"breakdown":"Cockrell Hill","value":[17608166]}]}|{"metricId":"ibmaaf_bytestotal","counters":[{"value":[87699098]}]}|{"metricId":"ibmaaf_set_cesaggregation_video_by_cell","counters":[{"breakdown":"Belt Line Road","value":[1,27,14,5,5]},{"breakdown":"Las Colinas","value":[2,3,23,8,29]},{"breakdown":"Irving","value":[16,79,166,1279,460]},{"breakdown":"Valley Ranch","value":[7,75,140,1352,408]},{"breakdown":"Market Center","value":[7,75,140,1352,408]},{"breakdown":"West Dallas","value":[2,27,68,133,452]},{"breakdown":"Cockrell Hill","value":[19,95,174,1290,360]}]}|201710160000|0
272211221122333|20171017000000|{"metricId":"ibmaaf_bytestotal_by_cell_sitename","counters":[{"breakdown":"Belt Line Road","value":[805999]},{"breakdown":"Las Colinas","value":[2206114]},{"breakdown":"Irving","value":[1739719]},{"breakdown":"Valley Ranch","value":[4899452]},{"breakdown":"Market Center","value":[81319238]},{"breakdown":"West Dallas","value":[3917663]},{"breakdown":"Cockrell Hill","value":[12289790]}]}|{"metricId":"ibmaaf_bytestotal","counters":[{"value":[121111112]}]}|{"metricId":"ibmaaf_set_cesaggregation_video_by_cell","counters":[{"breakdown":"Belt Line Road","value":[2,19,66,255,302]},{"breakdown":"Las Colinas","value":[21,2,12,29,1]},{"breakdown":"Irving","value":[9,116,138,1388,421]},{"breakdown":"Valley Ranch","value":[3,111,184,1325,441]},{"breakdown":"Market Center","value":[3,111,184,1325,441]},{"breakdown":"West Dallas","value":[2,19,72,211,471]},{"breakdown":"Cockrell Hill","value":[11,144,157,1243,471]}]}|201710170000|0
272211221122333|20171018000000|{"metricId":"ibmaaf_bytestotal_by_cell_sitename","counters":[{"breakdown":"Belt Line Road","value":[22348]},{"breakdown":"Las Colinas","value":[0]},{"breakdown":"Irving","value":[706667]},{"breakdown":"Valley Ranch","value":[196981]},{"breakdown":"Market Center","value":[36513933]},{"breakdown":"West Dallas","value":[5524115]},{"breakdown":"Cockrell Hill","value":[19129635]}]}|{"metricId":"ibmaaf_bytestotal","counters":[{"value":[70165857]}]}|{"metricId":"ibmaaf_set_cesaggregation_video_by_cell","counters":[{"breakdown":"Belt Line Road","value":[0,0,0,0,0]},{"breakdown":"Las Colinas","value":[8,13,14,16,0]},{"breakdown":"Irving","value":[18,135,111,1374,385]},{"breakdown":"Valley Ranch","value":[11,105,163,1326,484]},{"breakdown":"Market Center","value":[11,105,163,1326,484]},{"breakdown":"West Dallas","value":[0,17,72,108,348]},{"breakdown":"Cockrell Hill","value":[30,115,151,1300,405]}]}|201710180000|0
272211221122333|20171019000000|{"metricId":"ibmaaf_bytestotal_by_cell_sitename","counters":[{"breakdown":"Belt Line Road","value":[3059602]},{"breakdown":"Las Colinas","value":[10685901]},{"breakdown":"Irving","value":[2629722]},{"breakdown":"Valley Ranch","value":[26104200]},{"breakdown":"Market Center","value":[81732031]},{"breakdown":"West Dallas","value":[7181422]},{"breakdown":"Cockrell Hill","value":[21384395]}]}|{"metricId":"ibmaaf_bytestotal","counters":[{"value":[172638318]}]}|{"metricId":"ibmaaf_set_cesaggregation_video_by_cell","counters":[{"breakdown":"Belt Line Road","value":[0,12,28,16,23]},{"breakdown":"Las Colinas","value":[21,0,18,2,17]},{"breakdown":"Irving","value":[26,120,123,1232,314]},{"breakdown":"Valley Ranch","value":[16,139,105,1214,302]},{"breakdown":"Market Center","value":[16,139,105,1214,302]},{"breakdown":"West Dallas","value":[2,12,64,162,434]},{"breakdown":"Cockrell Hill","value":[16,125,113,1311,335]}]}|201710190000|0
272211221122333|20171020000000|{"metricId":"ibmaaf_bytestotal_by_cell_sitename","counters":[{"breakdown":"Belt Line Road","value":[2490721]},{"breakdown":"Las Colinas","value":[1439512]},{"breakdown":"Irving","value":[18033038]},{"breakdown":"Valley Ranch","value":[256877]},{"breakdown":"Market Center","value":[105591595]},{"breakdown":"West Dallas","value":[6889838]},{"breakdown":"Cockrell Hill","value":[14419565]}]}|{"metricId":"ibmaaf_bytestotal","counters":[{"value":[168506895]}]}|{"metricId":"ibmaaf_set_cesaggregation_video_by_cell","counters":[{"breakdown":"Belt Line Road","value":[0,0,0,0,0]},{"breakdown":"Las Colinas","value":[28,6,3,11,18]},{"breakdown":"Irving","value":[4,117,158,1318,367]},{"breakdown":"Valley Ranch","value":[30,92,121,1321,416]},{"breakdown":"Market Center","value":[30,92,121,1321,416]},{"breakdown":"West Dallas","value":[2,26,69,206,479]},{"breakdown":"Cockrell Hill","value":[18,104,144,1322,350]}]}|201710200000|0
272211221122333|20171021000000|{"metricId":"ibmaaf_bytestotal_by_cell_sitename","counters":[{"breakdown":"Belt Line Road","value":[3991158]},{"breakdown":"Las Colinas","value":[4601464]},{"breakdown":"Irving","value":[22556593]},{"breakdown":"Valley Ranch","value":[31732031]},{"breakdown":"Market Center","value":[0]},{"breakdown":"West Dallas","value":[0]},{"breakdown":"Cockrell Hill","value":[0]}]}|{"metricId":"ibmaaf_bytestotal","counters":[{"value":[71055808]}]}|{"metricId":"ibmaaf_set_cesaggregation_video_by_cell","counters":[{"breakdown":"Belt Line Road","value":[13,22,25,15,30]},{"breakdown":"Las Colinas","value":[128,175,372,112,421]},{"breakdown":"Irving","value":[14,105,472,2087,2707]},{"breakdown":"Valley Ranch","value":[83,189,430,2183,2531]},{"breakdown":"Market Center","value":[0,0,0,0,0]},{"breakdown":"West Dallas","value":[0,0,0,0,0]},{"breakdown":"Cockrell Hill","value":[0,0,0,0,0]}]}|201710210000|0
272211221122333|20171022000000|{"metricId":"ibmaaf_bytestotal_by_cell_sitename","counters":[{"breakdown":"Belt Line Road","value":[2510498]},{"breakdown":"Las Colinas","value":[7834709]},{"breakdown":"Irving","value":[7184684]},{"breakdown":"Valley Ranch","value":[15591595]},{"breakdown":"Market Center","value":[0]},{"breakdown":"West Dallas","value":[0]},{"breakdown":"Cockrell Hill","value":[0]}]}|{"metricId":"ibmaaf_bytestotal","counters":[{"value":[37427279]}]}|{"metricId":"ibmaaf_set_cesaggregation_video_by_cell","counters":[{"breakdown":"Belt Line Road","value":[24,28,3,24,27]},{"breakdown":"Las Colinas","value":[303,116,438,121,444]},{"breakdown":"Irving","value":[67,192,434,2348,2123]},{"breakdown":"Valley Ranch","value":[64,231,382,2104,2681]},{"breakdown":"Market Center","value":[0,0,0,0,0]},{"breakdown":"West Dallas","value":[0,0,0,0,0]},{"breakdown":"Cockrell Hill","value":[0,0,0,0,0]}]}|201710220000|0
272211221122333|20171023000000|{"metricId":"ibmaaf_bytestotal_by_cell_sitename","counters":[{"breakdown":"Belt Line Road","value":[2106218]},{"breakdown":"Las Colinas","value":[7437851]},{"breakdown":"Irving","value":[16699183]},{"breakdown":"Valley Ranch","value":[4053546]},{"breakdown":"Market Center","value":[31436598]},{"breakdown":"West Dallas","value":[2029343]},{"breakdown":"Cockrell Hill","value":[6439897]}]}|{"metricId":"ibmaaf_bytestotal","counters":[{"value":[79328979]}]}|{"metricId":"ibmaaf_set_cesaggregation_video_by_cell","counters":[{"breakdown":"Belt Line Road","value":[0,0,0,0,0]},{"breakdown":"Las Colinas","value":[14,15,21,13,1]},{"breakdown":"Irving","value":[17,89,152,1313,309]},{"breakdown":"Valley Ranch","value":[0,124,129,1321,355]},{"breakdown":"Market Center","value":[0,124,129,1321,355]},{"breakdown":"West Dallas","value":[5,21,67,184,498]},{"breakdown":"Cockrell Hill","value":[3,116,163,1387,357]}]}|201710230000|0
272211221122333|20171024000000|{"metricId":"ibmaaf_bytestotal_by_cell_sitename","counters":[{"breakdown":"Belt Line Road","value":[518267]},{"breakdown":"Las Colinas","value":[5746733]},{"breakdown":"Irving","value":[19373821]},{"breakdown":"Valley Ranch","value":[451357]},{"breakdown":"Market Center","value":[59640094]},{"breakdown":"West Dallas","value":[5924687]},{"breakdown":"Cockrell Hill","value":[21634294]}]}|{"metricId":"ibmaaf_bytestotal","counters":[{"value":[128016856]}]}|{"metricId":"ibmaaf_set_cesaggregation_video_by_cell","counters":[{"breakdown":"Belt Line Road","value":[0,4,19,7,10]},{"breakdown":"Las Colinas","value":[29,21,18,23,14]},{"breakdown":"Irving","value":[27,125,168,1314,381]},{"breakdown":"Valley Ranch","value":[20,78,159,1338,409]},{"breakdown":"Market Center","value":[20,78,159,1338,409]},{"breakdown":"West Dallas","value":[0,12,73,272,480]},{"breakdown":"Cockrell Hill","value":[18,142,115,1373,479]}]}|201710240000|0
272211221122333|20171025000000|{"metricId":"ibmaaf_bytestotal_by_cell_sitename","counters":[{"breakdown":"Belt Line Road","value":[14175007]},{"breakdown":"Las Colinas","value":[354]},{"breakdown":"Irving","value":[9506900]},{"breakdown":"Valley Ranch","value":[2426104]},{"breakdown":"Market Center","value":[77490330]},{"breakdown":"West Dallas","value":[6485225]},{"breakdown":"Cockrell Hill","value":[25851330]}]}|{"metricId":"ibmaaf_bytestotal","counters":[{"value":[153606833]}]}|{"metricId":"ibmaaf_set_cesaggregation_video_by_cell","counters":[{"breakdown":"Belt Line Road","value":[0,0,4323,212,0]},{"breakdown":"Las Colinas","value":[24,22,9,6,15]},{"breakdown":"Irving","value":[10,141,168,1366,495]},{"breakdown":"Valley Ranch","value":[6,112,181,1204,438]},{"breakdown":"Market Center","value":[6,112,181,1204,438]},{"breakdown":"West Dallas","value":[2,16,76,131,441]},{"breakdown":"Cockrell Hill","value":[6,127,174,1282,430]}]}|201710250000|0
272211221122333|20171026000000|{"metricId":"ibmaaf_bytestotal_by_cell_sitename","counters":[{"breakdown":"Belt Line Road","value":[3308955]},{"breakdown":"Las Colinas","value":[5850030]},{"breakdown":"Irving","value":[10328233]},{"breakdown":"Valley Ranch","value":[3845356]},{"breakdown":"Market Center","value":[31802313]},{"breakdown":"West Dallas","value":[1829957]},{"breakdown":"Cockrell Hill","value":[22116020]}]}|{"metricId":"ibmaaf_bytestotal","counters":[{"value":[89361376]}]}|{"metricId":"ibmaaf_set_cesaggregation_video_by_cell","counters":[{"breakdown":"Belt Line Road","value":[1,11,18,26,3]},{"breakdown":"Las Colinas","value":[20,8,2,6,26]},{"breakdown":"Irving","value":[1,57,111,1377,396]},{"breakdown":"Valley Ranch","value":[1,66,132,1322,421]},{"breakdown":"Market Center","value":[1,66,132,1322,421]},{"breakdown":"West Dallas","value":[0,26,63,274,441]},{"breakdown":"Cockrell Hill","value":[17,125,185,1262,370]}]}|201710260000|0
272211221122333|20171027000000|{"metricId":"ibmaaf_bytestotal_by_cell_sitename","counters":[{"breakdown":"Belt Line Road","value":[1416175]},{"breakdown":"Las Colinas","value":[3833]},{"breakdown":"Irving","value":[13077926]},{"breakdown":"Valley Ranch","value":[2798958]},{"breakdown":"Market Center","value":[33033511]},{"breakdown":"West Dallas","value":[1718513]},{"breakdown":"Cockrell Hill","value":[19397884]}]}|{"metricId":"ibmaaf_bytestotal","counters":[{"value":[80734884]}]}|{"metricId":"ibmaaf_set_cesaggregation_video_by_cell","counters":[{"breakdown":"Belt Line Road","value":[3,17,75,140,362]},{"breakdown":"Las Colinas","value":[18,3,25,18,15]},{"breakdown":"Irving","value":[20,100,121,1303,407]},{"breakdown":"Valley Ranch","value":[20,66,119,1271,365]},{"breakdown":"Market Center","value":[20,66,119,1271,365]},{"breakdown":"West Dallas","value":[4,27,76,271,326]},{"breakdown":"Cockrell Hill","value":[9,106,173,1270,317]}]}|201710270000|0
272211221122333|20171028000000|{"metricId":"ibmaaf_bytestotal_by_cell_sitename","counters":[{"breakdown":"Belt Line Road","value":[5000857]},{"breakdown":"Las Colinas","value":[1123207]},{"breakdown":"Irving","value":[1666256]},{"breakdown":"Valley Ranch","value":[78669642]},{"breakdown":"Market Center","value":[0]},{"breakdown":"West Dallas","value":[0]},{"breakdown":"Cockrell Hill","value":[0]}]}|{"metricId":"ibmaaf_bytestotal","counters":[{"value":[97699757]}]}|{"metricId":"ibmaaf_set_cesaggregation_video_by_cell","counters":[{"breakdown":"Belt Line Road","value":[11,25,30,20,20]},{"breakdown":"Las Colinas","value":[94,284,277,402,209]},{"breakdown":"Irving","value":[45,274,541,1890,2570]},{"breakdown":"Valley Ranch","value":[16,236,501,2009,2601]},{"breakdown":"Market Center","value":[0,0,0,0,0]},{"breakdown":"West Dallas","value":[0,0,0,0,0]},{"breakdown":"Cockrell Hill","value":[0,0,0,0,0]}]}|201710280000|0
272211221122333|20171029000000|{"metricId":"ibmaaf_bytestotal_by_cell_sitename","counters":[{"breakdown":"Belt Line Road","value":[1482960]},{"breakdown":"Las Colinas","value":[6800678]},{"breakdown":"Irving","value":[461324]},{"breakdown":"Valley Ranch","value":[186171892]},{"breakdown":"Market Center","value":[0]},{"breakdown":"West Dallas","value":[0]},{"breakdown":"Cockrell Hill","value":[0]}]}|{"metricId":"ibmaaf_bytestotal","counters":[{"value":[220256045]}]}|{"metricId":"ibmaaf_set_cesaggregation_video_by_cell","counters":[{"breakdown":"Belt Line Road","value":[14,29,11,30,20]},{"breakdown":"Las Colinas","value":[209,275,282,211,358]},{"breakdown":"Irving","value":[93,177,546,1991,2072]},{"breakdown":"Valley Ranch","value":[99,168,463,1834,2197]},{"breakdown":"Market Center","value":[0,0,0,0,0]},{"breakdown":"West Dallas","value":[0,0,0,0,0]},{"breakdown":"Cockrell Hill","value":[0,0,0,0,0]}]}|201710290000|0
272211221122333|20171030000000|{"metricId":"ibmaaf_bytestotal_by_cell_sitename","counters":[{"breakdown":"Belt Line Road","value":[1989530]},{"breakdown":"Las Colinas","value":[821050]},{"breakdown":"Irving","value":[4686919]},{"breakdown":"Valley Ranch","value":[976157]},{"breakdown":"Market Center","value":[17528658]},{"breakdown":"West Dallas","value":[4603463]},{"breakdown":"Cockrell Hill","value":[16983343]}]}|{"metricId":"ibmaaf_bytestotal","counters":[{"value":[53775706]}]}|{"metricId":"ibmaaf_set_cesaggregation_video_by_cell","counters":[{"breakdown":"Belt Line Road","value":[0,12,73,270,432]},{"breakdown":"Las Colinas","value":[4,12,4,18,30]},{"breakdown":"Irving","value":[20,121,142,1208,357]},{"breakdown":"Valley Ranch","value":[14,128,107,1375,469]},{"breakdown":"Market Center","value":[14,128,107,1375,469]},{"breakdown":"West Dallas","value":[2,12,72,229,428]},{"breakdown":"Cockrell Hill","value":[22,142,167,1376,333]}]}|201710300000|0
272211221122333|20171031000000|{"metricId":"ibmaaf_bytestotal_by_cell_sitename","counters":[{"breakdown":"Belt Line Road","value":[0]},{"breakdown":"Las Colinas","value":[95385]},{"breakdown":"Irving","value":[5546083]},{"breakdown":"Valley Ranch","value":[423249]},{"breakdown":"Market Center","value":[59600577]},{"breakdown":"West Dallas","value":[921783]},{"breakdown":"Cockrell Hill","value":[4422340]}]}|{"metricId":"ibmaaf_bytestotal","counters":[{"value":[80240641]}]}|{"metricId":"ibmaaf_set_cesaggregation_video_by_cell","counters":[{"breakdown":"Belt Line Road","value":[0,0,0,0,0]},{"breakdown":"Las Colinas","value":[28,3,6,1234,45086]},{"breakdown":"Irving","value":[20,64,196,1276,361]},{"breakdown":"Valley Ranch","value":[2,54,141,1304,497]},{"breakdown":"Market Center","value":[2,54,141,1304,497]},{"breakdown":"West Dallas","value":[4,23,76,298,300]},{"breakdown":"Cockrell Hill","value":[3,68,157,1295,379]}]}|201710310000|0
272211221122333|20171101000000|{"metricId":"ibmaaf_bytestotal_by_cell_sitename","counters":[{"breakdown":"Belt Line Road","value":[0]},{"breakdown":"Las Colinas","value":[5291]},{"breakdown":"Irving","value":[14399121]},{"breakdown":"Valley Ranch","value":[2780149]},{"breakdown":"Market Center","value":[37479085]},{"breakdown":"West Dallas","value":[7897967]},{"breakdown":"Cockrell Hill","value":[16191021]}]}|{"metricId":"ibmaaf_bytestotal","counters":[{"value":[88990476]}]}|{"metricId":"ibmaaf_set_cesaggregation_video_by_cell","counters":[{"breakdown":"Belt Line Road","value":[0,19,60,186,338]},{"breakdown":"Las Colinas","value":[16,29,10,11,13]},{"breakdown":"Irving","value":[10,102,185,1236,336]},{"breakdown":"Valley Ranch","value":[7,73,176,1279,324]},{"breakdown":"Market Center","value":[7,73,176,1279,324]},{"breakdown":"West Dallas","value":[4,24,75,214,430]},{"breakdown":"Cockrell Hill","value":[17,92,119,1241,439]}]}|201711010000|0
272211221122333|20171102000000|{"metricId":"ibmaaf_bytestotal_by_cell_sitename","counters":[{"breakdown":"Belt Line Road","value":[247632]},{"breakdown":"Las Colinas","value":[7280504]},{"breakdown":"Irving","value":[11154817]},{"breakdown":"Valley Ranch","value":[2717060]},{"breakdown":"Market Center","value":[40539416]},{"breakdown":"West Dallas","value":[1020630]},{"breakdown":"Cockrell Hill","value":[22823122]}]}|{"metricId":"ibmaaf_bytestotal","counters":[{"value":[96934995]}]}|{"metricId":"ibmaaf_set_cesaggregation_video_by_cell","counters":[{"breakdown":"Belt Line Road","value":[29,28,4,14,5]},{"breakdown":"Las Colinas","value":[24,16,10,8,27]},{"breakdown":"Irving","value":[6,90,119,1314,407]},{"breakdown":"Valley Ranch","value":[0,113,177,1380,320]},{"breakdown":"Market Center","value":[0,113,177,1380,320]},{"breakdown":"West Dallas","value":[5,18,90,144,417]},{"breakdown":"Cockrell Hill","value":[30,69,200,1267,390]}]}|201711020000|0
272211221122333|20171103000000|{"metricId":"ibmaaf_bytestotal_by_cell_sitename","counters":[{"breakdown":"Belt Line Road","value":[3462197]},{"breakdown":"Las Colinas","value":[2389562]},{"breakdown":"Irving","value":[9170138]},{"breakdown":"Valley Ranch","value":[2920650]},{"breakdown":"Market Center","value":[67060027]},{"breakdown":"West Dallas","value":[2597484]},{"breakdown":"Cockrell Hill","value":[13175894]}]}|{"metricId":"ibmaaf_bytestotal","counters":[{"value":[113876826]}]}|{"metricId":"ibmaaf_set_cesaggregation_video_by_cell","counters":[{"breakdown":"Belt Line Road","value":[23,68,133,1362,467]},{"breakdown":"Las Colinas","value":[18,4,15,19,24]},{"breakdown":"Irving","value":[13,78,156,1223,500]},{"breakdown":"Valley Ranch","value":[2,118,180,1373,433]},{"breakdown":"Market Center","value":[2,118,180,1373,433]},{"breakdown":"West Dallas","value":[3,28,89,120,307]},{"breakdown":"Cockrell Hill","value":[9,59,164,1352,320]}]}|201711030000|0
272211221122333|20171104000000|{"metricId":"ibmaaf_bytestotal_by_cell_sitename","counters":[{"breakdown":"Belt Line Road","value":[7487151]},{"breakdown":"Las Colinas","value":[1253871]},{"breakdown":"Irving","value":[2852839]},{"breakdown":"Valley Ranch","value":[84612821]},{"breakdown":"Market Center","value":[0]},{"breakdown":"West Dallas","value":[0]},{"breakdown":"Cockrell Hill","value":[0]}]}|{"metricId":"ibmaaf_bytestotal","counters":[{"value":[108713551]}]}|{"metricId":"ibmaaf_set_cesaggregation_video_by_cell","counters":[{"breakdown":"Belt Line Road","value":[19,28,23,11,5]},{"breakdown":"Las Colinas","value":[148,455,387,279,332]},{"breakdown":"Irving","value":[94,201,592,1700,2281]},{"breakdown":"Valley Ranch","value":[16,106,543,1745,2165]},{"breakdown":"Market Center","value":[0,0,0,0,0]},{"breakdown":"West Dallas","value":[0,0,0,0,0]},{"breakdown":"Cockrell Hill","value":[0,0,0,0,0]}]}|201711040000|0
272211221122333|20171105000000|{"metricId":"ibmaaf_bytestotal_by_cell_sitename","counters":[{"breakdown":"Belt Line Road","value":[6304195]},{"breakdown":"Las Colinas","value":[2219856]},{"breakdown":"Irving","value":[3415724]},{"breakdown":"Valley Ranch","value":[45355692]},{"breakdown":"Market Center","value":[0]},{"breakdown":"West Dallas","value":[0]},{"breakdown":"Cockrell Hill","value":[0]}]}|{"metricId":"ibmaaf_bytestotal","counters":[{"value":[64743878]}]}|{"metricId":"ibmaaf_set_cesaggregation_video_by_cell","counters":[{"breakdown":"Belt Line Road","value":[8,1,22,18,9]},{"breakdown":"Las Colinas","value":[368,114,123,318,104]},{"breakdown":"Irving","value":[63,161,376,1931,2739]},{"breakdown":"Valley Ranch","value":[44,182,418,2280,2253]},{"breakdown":"Market Center","value":[0,0,0,0,0]},{"breakdown":"West Dallas","value":[0,0,0,0,0]},{"breakdown":"Cockrell Hill","value":[0,0,0,0,0]}]}|201711050000|0
272211221122333|20171106000000|{"metricId":"ibmaaf_bytestotal_by_cell_sitename","counters":[{"breakdown":"Belt Line Road","value":[3227284]},{"breakdown":"Las Colinas","value":[1343446]},{"breakdown":"Irving","value":[669151]},{"breakdown":"Valley Ranch","value":[1535296]},{"breakdown":"Market Center","value":[30555339]},{"breakdown":"West Dallas","value":[506290]},{"breakdown":"Cockrell Hill","value":[25958726]}]}|{"metricId":"ibmaaf_bytestotal","counters":[{"value":[72088951]}]}|{"metricId":"ibmaaf_set_cesaggregation_video_by_cell","counters":[{"breakdown":"Belt Line Road","value":[0,0,0,0,0]},{"breakdown":"Las Colinas","value":[0,2,12,24,1]},{"breakdown":"Irving","value":[7,71,119,1344,365]},{"breakdown":"Valley Ranch","value":[27,108,121,1363,368]},{"breakdown":"Market Center","value":[27,108,121,1363,368]},{"breakdown":"West Dallas","value":[4,20,73,276,330]},{"breakdown":"Cockrell Hill","value":[25,140,139,1248,395]}]}|201711060000|0
272211221122333|20171107000000|{"metricId":"ibmaaf_bytestotal_by_cell_sitename","counters":[{"breakdown":"Belt Line Road","value":[1525376]},{"breakdown":"Las Colinas","value":[522285]},{"breakdown":"Irving","value":[3902025]},{"breakdown":"Valley Ranch","value":[4166054]},{"breakdown":"Market Center","value":[74769849]},{"breakdown":"West Dallas","value":[963631]},{"breakdown":"Cockrell Hill","value":[6519087]}]}|{"metricId":"ibmaaf_bytestotal","counters":[{"value":[104376187]}]}|{"metricId":"ibmaaf_set_cesaggregation_video_by_cell","counters":[{"breakdown":"Belt Line Road","value":[0,0,0,0,0]},{"breakdown":"Las Colinas","value":[18,29,11,20,16]},{"breakdown":"Irving","value":[3,129,176,1223,455]},{"breakdown":"Valley Ranch","value":[9,68,160,1360,491]},{"breakdown":"Market Center","value":[9,68,160,1360,491]},{"breakdown":"West Dallas","value":[0,22,82,212,460]},{"breakdown":"Cockrell Hill","value":[15,146,178,1281,353]}]}|201711070000|0
272211221122333|20171108000000|{"metricId":"ibmaaf_bytestotal_by_cell_sitename","counters":[{"breakdown":"Belt Line Road","value":[1387562]},{"breakdown":"Las Colinas","value":[8894124]},{"breakdown":"Irving","value":[5701124]},{"breakdown":"Valley Ranch","value":[4756121]},{"breakdown":"Market Center","value":[41549960]},{"breakdown":"West Dallas","value":[2302769]},{"breakdown":"Cockrell Hill","value":[15310304]}]}|{"metricId":"ibmaaf_bytestotal","counters":[{"value":[90289219]}]}|{"metricId":"ibmaaf_set_cesaggregation_video_by_cell","counters":[{"breakdown":"Belt Line Road","value":[30,73,104,1338,378]},{"breakdown":"Las Colinas","value":[9,5,15,3,11]},{"breakdown":"Irving","value":[8,130,179,1323,495]},{"breakdown":"Valley Ranch","value":[17,105,180,1355,320]},{"breakdown":"Market Center","value":[17,105,180,1355,320]},{"breakdown":"West Dallas","value":[4,10,62,227,366]},{"breakdown":"Cockrell Hill","value":[18,84,190,1399,488]}]}|201711080000|0
272211221122333|20171109000000|{"metricId":"ibmaaf_bytestotal_by_cell_sitename","counters":[{"breakdown":"Belt Line Road","value":[3448939]},{"breakdown":"Las Colinas","value":[8414122]},{"breakdown":"Irving","value":[10129338]},{"breakdown":"Valley Ranch","value":[4122781]},{"breakdown":"Market Center","value":[44228285]},{"breakdown":"West Dallas","value":[3073751]},{"breakdown":"Cockrell Hill","value":[20635270]}]}|{"metricId":"ibmaaf_bytestotal","counters":[{"value":[106279309]}]}|{"metricId":"ibmaaf_set_cesaggregation_video_by_cell","counters":[{"breakdown":"Belt Line Road","value":[0,0,0,0,0]},{"breakdown":"Las Colinas","value":[29,1,25,6,9]},{"breakdown":"Irving","value":[29,129,113,1330,470]},{"breakdown":"Valley Ranch","value":[29,122,169,1222,441]},{"breakdown":"Market Center","value":[2362,1800,442,154,2]},{"breakdown":"West Dallas","value":[0,10,76,188,314]},{"breakdown":"Cockrell Hill","value":[27,53,126,1268,305]}]}|201711090000|0
272211221122333|20171110000000|{"metricId":"ibmaaf_bytestotal_by_cell_sitename","counters":[{"breakdown":"Belt Line Road","value":[3844013]},{"breakdown":"Las Colinas","value":[9643889]},{"breakdown":"Irving","value":[2498547]},{"breakdown":"Valley Ranch","value":[2042197]},{"breakdown":"Market Center","value":[71673202]},{"breakdown":"West Dallas","value":[6211861]},{"breakdown":"Cockrell Hill","value":[17481213]}]}|{"metricId":"ibmaaf_bytestotal","counters":[{"value":[128136262]}]}|{"metricId":"ibmaaf_set_cesaggregation_video_by_cell","counters":[{"breakdown":"Belt Line Road","value":[0,0,2345,53421,0]},{"breakdown":"Las Colinas","value":[23,25,16,0,9]},{"breakdown":"Irving","value":[18,131,192,1245,411]},{"breakdown":"Valley Ranch","value":[9,894,1754,45,320]},{"breakdown":"Market Center","value":[3500,1800,203,123,0]},{"breakdown":"West Dallas","value":[4,15,74,115,301]},{"breakdown":"Cockrell Hill","value":[21,141,163,1222,349]}]}|201711100000|0
272211221122333|20171111000000|{"metricId":"ibmaaf_bytestotal_by_cell_sitename","counters":[{"breakdown":"Belt Line Road","value":[1422016]},{"breakdown":"Las Colinas","value":[4731974]},{"breakdown":"Irving","value":[7646862]},{"breakdown":"Valley Ranch","value":[94993769]},{"breakdown":"Market Center","value":[0]},{"breakdown":"West Dallas","value":[0]},{"breakdown":"Cockrell Hill","value":[0]}]}|{"metricId":"ibmaaf_bytestotal","counters":[{"value":[122937922]}]}|{"metricId":"ibmaaf_set_cesaggregation_video_by_cell","counters":[{"breakdown":"Belt Line Road","value":[20,28,19,8,27]},{"breakdown":"Las Colinas","value":[430,83,216,95,92]},{"breakdown":"Irving","value":[62,251,507,1816,2574]},{"breakdown":"Valley Ranch","value":[8,130,179,1323,495]},{"breakdown":"Market Center","value":[0,0,0,0,0]},{"breakdown":"West Dallas","value":[0,0,0,0,0]},{"breakdown":"Cockrell Hill","value":[0,0,0,0,0]}]}|201711110000|0
272211221122333|20171112000000|{"metricId":"ibmaaf_bytestotal_by_cell_sitename","counters":[{"breakdown":"Belt Line Road","value":[6606696]},{"breakdown":"Las Colinas","value":[2317082]},{"breakdown":"Irving","value":[4728603]},{"breakdown":"Valley Ranch","value":[31171191]},{"breakdown":"Market Center","value":[0]},{"breakdown":"West Dallas","value":[0]},{"breakdown":"Cockrell Hill","value":[0]}]}|{"metricId":"ibmaaf_bytestotal","counters":[{"value":[50650636]}]}|{"metricId":"ibmaaf_set_cesaggregation_video_by_cell","counters":[{"breakdown":"Belt Line Road","value":[19,12,11,23,27]},{"breakdown":"Las Colinas","value":[81,171,193,491,149]},{"breakdown":"Irving","value":[13,185,532,2093,2317]},{"breakdown":"Valley Ranch","value":[8,130,179,1323,495]},{"breakdown":"Market Center","value":[0,0,0,0,0]},{"breakdown":"West Dallas","value":[0,0,0,0,0]},{"breakdown":"Cockrell Hill","value":[0,0,0,0,0]}]}|201711120000|0
272211221122333|20171113000000|{"metricId":"ibmaaf_bytestotal_by_cell_sitename","counters":[{"breakdown":"Belt Line Road","value":[0]},{"breakdown":"Las Colinas","value":[31357]},{"breakdown":"Irving","value":[437817]},{"breakdown":"Valley Ranch","value":[2678614]},{"breakdown":"Market Center","value":[51447612]},{"breakdown":"West Dallas","value":[6304550]},{"breakdown":"Cockrell Hill","value":[2770635]}]}|{"metricId":"ibmaaf_bytestotal","counters":[{"value":[71947761]}]}|{"metricId":"ibmaaf_set_cesaggregation_video_by_cell","counters":[{"breakdown":"Belt Line Road","value":[2,15,10,11,0]},{"breakdown":"Las Colinas","value":[28,15,1,5,11]},{"breakdown":"Irving","value":[26,107,109,1352,418]},{"breakdown":"Valley Ranch","value":[10,102,185,1236,336]},{"breakdown":"Market Center","value":[1357,234,0,0,0]},{"breakdown":"West Dallas","value":[2,16,84,118,489]},{"breakdown":"Cockrell Hill","value":[18,149,106,1345,353]}]}|201711130000|0
272211221122333|20171114000000|{"metricId":"ibmaaf_bytestotal_by_cell_sitename","counters":[{"breakdown":"Belt Line Road","value":[3284214]},{"breakdown":"Las Colinas","value":[114537]},{"breakdown":"Irving","value":[14701331]},{"breakdown":"Valley Ranch","value":[1501237]},{"breakdown":"Market Center","value":[66093615]},{"breakdown":"West Dallas","value":[5661640]},{"breakdown":"Cockrell Hill","value":[16481822]}]}|{"metricId":"ibmaaf_bytestotal","counters":[{"value":[121857387]}]}|{"metricId":"ibmaaf_set_cesaggregation_video_by_cell","counters":[{"breakdown":"Belt Line Road","value":[0,0,0,0,0]},{"breakdown":"Las Colinas","value":[15,8,13,20,11]},{"breakdown":"Irving","value":[15,138,173,1263,323]},{"breakdown":"Valley Ranch","value":[15,138,173,1263,323]},{"breakdown":"Market Center","value":[1839,0,0,0,0]},{"breakdown":"West Dallas","value":[0,15,84,216,315]},{"breakdown":"Cockrell Hill","value":[29,105,118,1250,320]}]}|201711140000|0
272211221122333|20171115000000|{"metricId":"ibmaaf_bytestotal_by_cell_sitename","counters":[{"breakdown":"Belt Line Road","value":[388681]},{"breakdown":"Las Colinas","value":[3804969]},{"breakdown":"Irving","value":[2178599]},{"breakdown":"Valley Ranch","value":[2401893]},{"breakdown":"Market Center","value":[44301378]},{"breakdown":"West Dallas","value":[5395565]},{"breakdown":"Cockrell Hill","value":[19456950]}]}|{"metricId":"ibmaaf_bytestotal","counters":[{"value":[88058680]}]}|{"metricId":"ibmaaf_set_cesaggregation_video_by_cell","counters":[{"breakdown":"Belt Line Road","value":[23,81,105,1361,308]},{"breakdown":"Las Colinas","value":[17,23,20,6,14]},{"breakdown":"Irving","value":[30,131,112,1300,483]},{"breakdown":"Valley Ranch","value":[8,130,179,1323,495]},{"breakdown":"Market Center","value":[3200,0,0,0,0]},{"breakdown":"West Dallas","value":[1,14,86,278,493]},{"breakdown":"Cockrell Hill","value":[12,116,157,1224,405]}]}|201711150000|0
